product_title,title,rating,body
"Dehumidifier, 25 Pint Dehumidifier for Basement, Bedroom, Bathroom, Closet, with 3 Working Modes, 75 OZ Water Tank, Overflow Protection, and Auto Shut Off, Silent Dehumidifiers with Drain Hose",Excellent built high performing dehumidifier,5.0,"Click to play video
Spring, fall and late fall RV trailer camping always generates a lot of condensation inside the trailer. I was looking for a decent dehumidifier. After searching on Amazon, I settled on this based on pricing and features.

What you may like
1. First thing that is evident is how heavy and well-built this unit is. It gives a lot of confidence on the build quality and components.
2. Aesthetically pleasing looking, so it won't look out of place either at home or elsewhere.
3. Easy to use, simple one press buttons to operate various functions like timer, modes etc. There are several options as listed in the description.
4. Works very well. I used it in the bathroom to see how it works, and it dropped the humidity from 50% to 38% in about an hour a half to 45 min.

What you may not like:
1. It is heavy, and not a small unit, so if you don't need it for a large space, then this may not be the one.

If you are looking to get a dehumidifier that built solidly and performs exceptionally well and have a large space, this would be very good choice."
"Dehumidifier, 25 Pint Dehumidifier for Basement, Bedroom, Bathroom, Closet, with 3 Working Modes, 75 OZ Water Tank, Overflow Protection, and Auto Shut Off, Silent Dehumidifiers with Drain Hose","Excellent Dehumidifier â€“ Quiet, Efficient, and Easy to Use!",5.0,"Pros:

Powerful Moisture Removal: It handles humidity in my 500 sq ft basement easily. The air feels fresher, and the musty smell is gone.

Multiple Modes: I love the Auto Mode for everyday use, and the Dry Clothes Mode really came in handy during rainy days. Sleep Mode is super quietâ€”I hardly notice it running.

Whisper Quiet: At just 35dB, itâ€™s almost silent. Perfect for the bedroom or office where noise can be distracting.

Large Water Tank: The 75oz tank lasts longer than I expected, and the auto shut-off with overflow protection gives peace of mind. I also connected the included hose for continuous drainageâ€”very convenient!

User-Friendly: The touch controls are intuitive, and the built-in handle and wheels make it easy to move from room to room. Plus, it looks sleek and modernâ€”not bulky or industrial.

Minor Con:
The tank fills up pretty quickly if you're in a high humidity area, but that just means it's working efficiently. With the drain hose connected, it's a non-issue.

Overall, this dehumidifier is a fantastic value for the price. Itâ€™s reliable, efficient, and packed with thoughtful features. Highly recommended for anyone needing a compact but powerful solution for home humidity!"
"Dehumidifier, 25 Pint Dehumidifier for Basement, Bedroom, Bathroom, Closet, with 3 Working Modes, 75 OZ Water Tank, Overflow Protection, and Auto Shut Off, Silent Dehumidifiers with Drain Hose",Small but mighty,5.0,"This little dehumidifier has performed perfect drying out a damp basement and has the humidity regulated in just 24hrs after running. It brought the humidity down from
60% to 45% in that time and this after a very wet spring season.

I have hooked it up for continuous draining using the included hose and another hose I purchased. The reservoir bucket is quite small and for a large area like we are using it in, would need emptying many times per day.

It is easy to set up and the instructions are included on a sticker directly on the unit which is a brilliant idea because nobody wants to keep instruction manuals for appliances.

Given size itâ€™s also very lightweight and could easily be handled by someone without a lot of strength. Unlike the big units that can weigh 50 to 75 pounds this one is probably only 20/25 pounds.

Very happy with the performance of this unit and happy to give it a five star review."
"Dehumidifier, 25 Pint Dehumidifier for Basement, Bedroom, Bathroom, Closet, with 3 Working Modes, 75 OZ Water Tank, Overflow Protection, and Auto Shut Off, Silent Dehumidifiers with Drain Hose",Great dehumidifier,5.0,"Such a great compact dehumidifier that works perfectly for my space. Very simple to set up and use, runs quiet. Different modes to set to your needs, can run off a timer or auto mode. Tells you when to empty the water tank by turning red."
"Dehumidifier, 25 Pint Dehumidifier for Basement, Bedroom, Bathroom, Closet, with 3 Working Modes, 75 OZ Water Tank, Overflow Protection, and Auto Shut Off, Silent Dehumidifiers with Drain Hose",Does the job exceptionally well! ğŸ‘Œ,5.0,Ran it overnight when our basement had a leak and was pleasantly surprised that it worked so well. Initial humidity was around 60 at the time and it brought it down to a more comfortable 44 the next day. Size and form factor was really good as well and the casters were a nice touch to easily wheel it around.
"Dehumidifier, 25 Pint Dehumidifier for Basement, Bedroom, Bathroom, Closet, with 3 Working Modes, 75 OZ Water Tank, Overflow Protection, and Auto Shut Off, Silent Dehumidifiers with Drain Hose",Low noise and a handy quiet device,5.0,"This dehumidifier has been a great addition to my homeâ€”itâ€™s powerful, easy to use, and incredibly convenient to move around thanks to its smooth 360Â° wheels. The smart touch control panel makes switching between modes and adjusting settings quick and intuitive, with a sleek, modern design thatâ€™s easy to navigate. The detachable, washable filter is a plus which makes maintenance simple and helps keep the air clean. Overall, itâ€™s a reliable, user-friendly unit thatâ€™s perfect for managing humidity throughout the house."
"Dehumidifier, 25 Pint Dehumidifier for Basement, Bedroom, Bathroom, Closet, with 3 Working Modes, 75 OZ Water Tank, Overflow Protection, and Auto Shut Off, Silent Dehumidifiers with Drain Hose",Quiet & Impactful,5.0,"As i moved to basement apartment i feel like thereâ€™s lots of humidity in the air. So someone recommended me dehumidifier. So I got this one. Itâ€™s really game changing product. Works very efficiently. Didnâ€™t disturb while you sleeping, very silent. Full manual guide in there, as they said for continuous use thereâ€™s a direct drain. Little tank in the back of it which easily last full day and it depends on usage as well. Price is very reasonable as compared to market. Built quality is good too. Has wheels on it so you can move easily. Using it from last week i can feel the difference of air, itâ€™s more fresh now. Try it you will feel the difference. Plenty of features in it like fan speed, levels how you prefer, it has inbuilt sensor which i like most will give you signal when its water tank full. Highly recommended"
"Dehumidifier, 25 Pint Dehumidifier for Basement, Bedroom, Bathroom, Closet, with 3 Working Modes, 75 OZ Water Tank, Overflow Protection, and Auto Shut Off, Silent Dehumidifiers with Drain Hose","Small, noiseless and intelligent deshumidifier",5.0,"I bought this dehumidifier because my old one was broken and leaking water. What I like about this one is that itâ€™s Small, it doesnâ€™t take a lot of place, itâ€™s almost noiseless, you can barely hear it and the fact that it stops automatically when itâ€™s full ! Also, it comes with a hose to clean the water out of it. I also like the different mode on it, automatically and drying or ionizer fonction! Would definitely recommend."
"Dehumidifier, 25 Pint Dehumidifier for Basement, Bedroom, Bathroom, Closet, with 3 Working Modes, 75 OZ Water Tank, Overflow Protection, and Auto Shut Off, Silent Dehumidifiers with Drain Hose",Compact and Quiet,5.0,This is so much quieter than my old unit. I can actually watch tv with it running. Small foot print is nice
"Dehumidifier, 25 Pint Dehumidifier for Basement, Bedroom, Bathroom, Closet, with 3 Working Modes, 75 OZ Water Tank, Overflow Protection, and Auto Shut Off, Silent Dehumidifiers with Drain Hose",Great small humidifier that does the big job!,5.0,"With the humidity arriving and for a relief from the heat, I decided to purchase this small humidifier for my condo. Tested it in all rooms and it does the job really well. Comes with a hose for continuous water flow collecting, a remote and has various fan speed. So far I love it and it's a recommendation for sure."
"Dehumidifier, 25 Pint Dehumidifier for Basement, Bedroom, Bathroom, Closet, with 3 Working Modes, 75 OZ Water Tank, Overflow Protection, and Auto Shut Off, Silent Dehumidifiers with Drain Hose",Great build quality.,5.0,Suitable for medium sized rooms. Dries out air fast. Has a hose for permanent water direction but I do not use it.
"Dehumidifier, 25 Pint Dehumidifier for Basement, Bedroom, Bathroom, Closet, with 3 Working Modes, 75 OZ Water Tank, Overflow Protection, and Auto Shut Off, Silent Dehumidifiers with Drain Hose",Donâ€™t let the size fool you.,5.0,"Amazing dehumidifier, easy to program, quiet,read the other reviews, they are spot on describing this product,
I would definitely recommend purchasing it"
"Dehumidifier, 25 Pint Dehumidifier for Basement, Bedroom, Bathroom, Closet, with 3 Working Modes, 75 OZ Water Tank, Overflow Protection, and Auto Shut Off, Silent Dehumidifiers with Drain Hose",strong coverage unit,5.0,"floor level unit provides sufficient coverage for my average sized basements, it is easier to have a floor level unit with pipe in drain rather than individual room based units which I found were more noisy. This is bulky as expected, best to be put in middle area. Dehumidifier is much needed in certain months when humidity spikes causing other issues such as mold."
"Dehumidifier, 25 Pint Dehumidifier for Basement, Bedroom, Bathroom, Closet, with 3 Working Modes, 75 OZ Water Tank, Overflow Protection, and Auto Shut Off, Silent Dehumidifiers with Drain Hose",Great mid sized unit,4.0,Only had it for a few days hence the 4 stars but great unit so far. It's a medium size not full size unit which is perfect for the room I'm using it in which is 12 x 12. I didn't need a full size basement unit and this fits the bill perfectly. Nice and compact but powerful and quite. Highly recommend it.
"Dehumidifier, 25 Pint Dehumidifier for Basement, Bedroom, Bathroom, Closet, with 3 Working Modes, 75 OZ Water Tank, Overflow Protection, and Auto Shut Off, Silent Dehumidifiers with Drain Hose",Quiet and compact,5.0,"This dehumidifier is nice and compact, quiet, easy to transport with wheels and comes with many handy features such as a timer and hose. Happy with the product so far!"
"Dehumidifier, 25 Pint Dehumidifier for Basement, Bedroom, Bathroom, Closet, with 3 Working Modes, 75 OZ Water Tank, Overflow Protection, and Auto Shut Off, Silent Dehumidifiers with Drain Hose",Quiet and efficient,5.0,"Click to play video
This unit is wonderful. It is quiet for starters, and does not blow hot air out the side like some other models do.
The instructions are clear and concise and Operation is easy. The cord is long and allows for good placement of the unit just about anywhere. Continously or timed model allow for flexibility of different uses.
The only downfall is the drain tube could stand to be longer."
"Dehumidifier, 25 Pint Dehumidifier for Basement, Bedroom, Bathroom, Closet, with 3 Working Modes, 75 OZ Water Tank, Overflow Protection, and Auto Shut Off, Silent Dehumidifiers with Drain Hose",It's ok for my needs,5.0,"Do the job in my basement. It's not very big, but works great for ky needs: It removes moisture from the wood in put in the basement."
"Dehumidifier, 25 Pint Dehumidifier for Basement, Bedroom, Bathroom, Closet, with 3 Working Modes, 75 OZ Water Tank, Overflow Protection, and Auto Shut Off, Silent Dehumidifiers with Drain Hose",Worth for money spent,5.0,Good for my space and its very effectively working
"Dehumidifier, 25 Pint Dehumidifier for Basement, Bedroom, Bathroom, Closet, with 3 Working Modes, 75 OZ Water Tank, Overflow Protection, and Auto Shut Off, Silent Dehumidifiers with Drain Hose",Great product,5.0,Efficient and quiet. Great little machine that does its job without issues.
"Dehumidifier, 25 Pint Dehumidifier for Basement, Bedroom, Bathroom, Closet, with 3 Working Modes, 75 OZ Water Tank, Overflow Protection, and Auto Shut Off, Silent Dehumidifiers with Drain Hose",great for small spaces!,5.0,It's and very quiet and got moisture out of the air that we didn't even realize was there! We took it to our cabin and it help cut the humidity a lot!
"Dehumidifier, 25 Pint Dehumidifier for Basement, Bedroom, Bathroom, Closet, with 3 Working Modes, 75 OZ Water Tank, Overflow Protection, and Auto Shut Off, Silent Dehumidifiers with Drain Hose",Performed well,5.0,"Perfect!!

Work as expected, it had a nice led screen.

Very easy to use."
"Dehumidifier, 25 Pint Dehumidifier for Basement, Bedroom, Bathroom, Closet, with 3 Working Modes, 75 OZ Water Tank, Overflow Protection, and Auto Shut Off, Silent Dehumidifiers with Drain Hose",Looks good,5.0,Looks good and works well
"Dehumidifier, 25 Pint Dehumidifier for Basement, Bedroom, Bathroom, Closet, with 3 Working Modes, 75 OZ Water Tank, Overflow Protection, and Auto Shut Off, Silent Dehumidifiers with Drain Hose",small footprint but does the job perfect,5.0,"Click to play video
its small to compare to old one that i did have in the past. connected since i got it and no issues at all. i am getting water in the bac beside.

very usefull for downstair"
"Dehumidifier, 25 Pint Dehumidifier for Basement, Bedroom, Bathroom, Closet, with 3 Working Modes, 75 OZ Water Tank, Overflow Protection, and Auto Shut Off, Silent Dehumidifiers with Drain Hose",Disappointed,2.0,It has a weak motor. The fan on high does not shoot the died air very far at all. Disappointed.
"Dehumidifier, 25 Pint Dehumidifier for Basement, Bedroom, Bathroom, Closet, with 3 Working Modes, 75 OZ Water Tank, Overflow Protection, and Auto Shut Off, Silent Dehumidifiers with Drain Hose",This needs to be returned,1.0,"NOOOOOOOO â€¦. OMG, my air fryer is bigger! I donâ€™t think itâ€™s gonna work ğŸ™„"
"Dehumidifier, 25 Pint Dehumidifier for Basement, Bedroom, Bathroom, Closet, with 3 Working Modes, 75 OZ Water Tank, Overflow Protection, and Auto Shut Off, Silent Dehumidifiers with Drain Hose",Brilliant buy!,5.0,And turned up a week early!! 5 stars!
"Dehumidifier, 25 Pint Dehumidifier for Basement, Bedroom, Bathroom, Closet, with 3 Working Modes, 75 OZ Water Tank, Overflow Protection, and Auto Shut Off, Silent Dehumidifiers with Drain Hose",Amazing,5.0,"Fantastic gift,looks amazing"
"Dehumidifier, 25 Pint Dehumidifier for Basement, Bedroom, Bathroom, Closet, with 3 Working Modes, 75 OZ Water Tank, Overflow Protection, and Auto Shut Off, Silent Dehumidifiers with Drain Hose",çˆ½å¿«ãªç™½ãƒ¯ã‚¤ãƒ³,5.0,"æ “ã‚’æŠœã„ã¦ã‚°ãƒ©ã‚¹ã«é–‹ã‘ã‚‹ã¨å³åº§ã«è»½ã‚„ã‹ãªé¦™ã‚ŠãŒç«‹ã¡ï¼Œå£ã«å«ã‚ã°çˆ½å¿«ãªå‘³ã‚ã„ã€‚
ãƒ¡ã‚­ã‚·ã‚³ã®ãƒ¯ã‚¤ãƒ³ã¨ã„ã†ã“ã¨ã§ãŠã£ã‹ãªã³ã£ãã‚Šã§ã—ãŸãŒï¼Œã“ã‚Œã¯ç¾å‘³ã—ã„ã§ã™ã€‚
èª¬æ˜ã®é€šã‚Šï¼Œä¸»èœã¨ã¨ã‚‚ã«é£²ã‚ã°æ–™ç†ã‚‚å¼•ãç«‹ã¤ã“ã¨è«‹ã‘åˆã„ã€‚
ä¾¡æ ¼ã‚‚é«˜ããªã„ã®ã§ã‚ªã‚¹ã‚¹ãƒ¡ã§ã™ã€‚"
"Dehumidifier, 25 Pint Dehumidifier for Basement, Bedroom, Bathroom, Closet, with 3 Working Modes, 75 OZ Water Tank, Overflow Protection, and Auto Shut Off, Silent Dehumidifiers with Drain Hose",Sehr guter Wein,5.0,"Der Wein ist klasse! Den habe ich bei einem Italiener entdeckt, gabe mich sofort verliebt. Die Zustellung ist ca.eine Woche. Eingepackt in einen Karton, kommen die Flaschen sicher an."
"Dehumidifier, 25 Pint Dehumidifier for Basement, Bedroom, Bathroom, Closet, with 3 Working Modes, 75 OZ Water Tank, Overflow Protection, and Auto Shut Off, Silent Dehumidifiers with Drain Hose","Sehr gutes Chaat Masala â€“ wirklich spitze""",5.0,"Ausgezeichnete Mischung: sehr ausgewogen, leicht fruchtig und mit einer GrundschÃ¤rfe, die dem ganzen Chaat Masala eine unverwechselbare WÃ¼rznote verleiht. Sehr empfehlenswert!"
"Dehumidifier, 25 Pint Dehumidifier for Basement, Bedroom, Bathroom, Closet, with 3 Working Modes, 75 OZ Water Tank, Overflow Protection, and Auto Shut Off, Silent Dehumidifiers with Drain Hose",Hmmm,5.0,Original wie GÃ¶tterspeise
"Dehumidifier, 25 Pint Dehumidifier for Basement, Bedroom, Bathroom, Closet, with 3 Working Modes, 75 OZ Water Tank, Overflow Protection, and Auto Shut Off, Silent Dehumidifiers with Drain Hose",Gute Idee,5.0,Geschmack ist super nur der Preis ist etwas zu hoch
"Dehumidifier, 25 Pint Dehumidifier for Basement, Bedroom, Bathroom, Closet, with 3 Working Modes, 75 OZ Water Tank, Overflow Protection, and Auto Shut Off, Silent Dehumidifiers with Drain Hose",Great buy,5.0,Lovely mustard but as others say defo more kick than my normal fave French brand. However just means lasts longer. I use it a lot but even I think I overshot with the size of the jar ha ha. Still itâ€™s a great jar for after itâ€™s all gone. If you use plenty of Dijon itâ€™s a great buy.
"Dehumidifier, 25 Pint Dehumidifier for Basement, Bedroom, Bathroom, Closet, with 3 Working Modes, 75 OZ Water Tank, Overflow Protection, and Auto Shut Off, Silent Dehumidifiers with Drain Hose",Bonbon,5.0,Super
"Dehumidifier, 25 Pint Dehumidifier for Basement, Bedroom, Bathroom, Closet, with 3 Working Modes, 75 OZ Water Tank, Overflow Protection, and Auto Shut Off, Silent Dehumidifiers with Drain Hose",Seit Jahren spitze,5.0,"Den Wein haben wir schon mehrfach bestellt, uns schmecken die JahrgÃ¤nge besser erstklassig. Gut passend zu Gegrilltem.
Trockener Wein, fruchtig/ Beerdigung mit schÃ¶nem Nachgang."
"Dehumidifier, 25 Pint Dehumidifier for Basement, Bedroom, Bathroom, Closet, with 3 Working Modes, 75 OZ Water Tank, Overflow Protection, and Auto Shut Off, Silent Dehumidifiers with Drain Hose",Kult mit Geschmack,5.0,"Kult, der meiner Frau schmeckt...nie wieder im Einzelhandel entdeckt. Lieferung und Verpackung ebenfalls gut"
"Dehumidifier, 25 Pint Dehumidifier for Basement, Bedroom, Bathroom, Closet, with 3 Working Modes, 75 OZ Water Tank, Overflow Protection, and Auto Shut Off, Silent Dehumidifiers with Drain Hose",das Klosterbier,5.0,"In Raum Berlin kennengelernt, sehr sÃ¼ffig, schmeckt sehr gut, aber fÃ¼r einen armen Rentner zu teuer dieses Bier schicken zu lassen. Ich habe es mir mal gegÃ¶nnt da ich 89. geburtstag gefeiert habe. M.E."
"Dehumidifier, 25 Pint Dehumidifier for Basement, Bedroom, Bathroom, Closet, with 3 Working Modes, 75 OZ Water Tank, Overflow Protection, and Auto Shut Off, Silent Dehumidifiers with Drain Hose",è‰¯ã„,5.0,ãƒ¯ã‚¤ãƒ³å¥½ãã®æ–¹ã«ã‚‚å–œã‚“ã§ã‚‚ã‚‰ãˆãŸ
"Dehumidifier, 25 Pint Dehumidifier for Basement, Bedroom, Bathroom, Closet, with 3 Working Modes, 75 OZ Water Tank, Overflow Protection, and Auto Shut Off, Silent Dehumidifiers with Drain Hose",Perfectly packaged and delivered,5.0,"Lovely, beautifully presented
Perfect present"
"Dehumidifier, 25 Pint Dehumidifier for Basement, Bedroom, Bathroom, Closet, with 3 Working Modes, 75 OZ Water Tank, Overflow Protection, and Auto Shut Off, Silent Dehumidifiers with Drain Hose",Sehr lecker!,5.0,Einfach lecker!!
"Dehumidifier, 25 Pint Dehumidifier for Basement, Bedroom, Bathroom, Closet, with 3 Working Modes, 75 OZ Water Tank, Overflow Protection, and Auto Shut Off, Silent Dehumidifiers with Drain Hose",Geschmacklich hervorragend,5.0,"Der Geschmack ist einfach toll, es passt auch sehr gut zu Pani Puri"
"Dehumidifier, 25 Pint Dehumidifier for Basement, Bedroom, Bathroom, Closet, with 3 Working Modes, 75 OZ Water Tank, Overflow Protection, and Auto Shut Off, Silent Dehumidifiers with Drain Hose",Softweich und kÃ¶stlich ğŸ‘ŒğŸ¤—â¤ï¸,5.0,"Da werden Erinnerungen wach! Ich habe diese kÃ¶stliche SÃ¼ssigkeit schon lange nicht mehr im Verkauf gefunden und sie deshalb gleich bestellt. Ich liebe den weichen, zarten Geschmack, der irgendwie an Softeis erinnert. Davon bestelle ich sicher noch mehr!"
"Dehumidifier, 25 Pint Dehumidifier for Basement, Bedroom, Bathroom, Closet, with 3 Working Modes, 75 OZ Water Tank, Overflow Protection, and Auto Shut Off, Silent Dehumidifiers with Drain Hose",Amazing,5.0,"Bought this for a Fatherâ€™s Day gift for my partner, he absolutely loved it, the box was made so well, sturdy and all around amazing. It came with the pattern of the rum on it and his name. We were both very pleased with this purchase."
"Dehumidifier, 25 Pint Dehumidifier for Basement, Bedroom, Bathroom, Closet, with 3 Working Modes, 75 OZ Water Tank, Overflow Protection, and Auto Shut Off, Silent Dehumidifiers with Drain Hose","Ein GebrÃ¤u des Traumes - sÃ¼ffig, etwas sÃ¼ÃŸ, etwas herb",5.0,"Habe dieses Bier zum ersten Mal vor vielen Jahren bei einem Freund getrunken und es ging mir nie wirklich aus dem Kopf, nun habe ich Ã¼ber Amazon einen 24er Kasten bestellt. Lieferung von ""Klosterbrauerei Neuzelle"" sehr schnell, Montag Abend bestellt und Mittwoch Morgen geliefert - top! Die Flaschen kommen gut verpackt in einem Karton an.
Habe direkt zwei Flaschen kalt gestellt und eben meine erste geÃ¶ffnet. Was soll ich sagen, das GebrÃ¤u schmeckt genau so, wie ich es in Erinnerung hatte. Geschmacklich wÃ¼rde ich sagen, es ist eine Mischung aus Vitamalz und Krombacher. So schmeckt es fÃ¼r mich persÃ¶nlich. Es ist jedoch fÃ¼r meinen Geschmack nicht zu sÃ¼ÃŸ, auf keinen Fall so sÃ¼ÃŸ wie Vitamalz (was wirklich extrem sÃ¼ÃŸ ist). Den wÃ¼rzig herben Biergeschmack vom einem Krombacher schmeckt man deutlich raus, das macht es fÃ¼r mich zu einer perfekten Mischung.

Das Zeug ist jedenfalls extrem sÃ¼ffig, eine Flasche ist ruckzuck leer getrunken.

In Zukunft werde ich dieses Bier auf jeden Fall Ã¶fter vorrÃ¤tig halten, gerade im Sommer mit Sicherheit eine perfekte Erfrischung.

Ich kann das GebrÃ¤u empfehlen, die Kaufabwicklung bei Amazon natÃ¼rlich sowieso und den Anbieter selbst, ""Klosterbrauerei Neuzelle"". Hier stimmt alles!

NatÃ¼rlich ist es eine Geschmacksache, ob man das Bier mag oder nicht. Wer sich unsicher ist : Magst du Vitamalz (oder vergleichbar)? Magst du normales Bier (Geschmacklich wie z.B. Krombacher - nicht so krass herb wie z.B. Jever)? Wenn du beides mit Ja beantwortest, dann wirst du dieses Bier mÃ¶gen.

Ich bin kein Bier-Experte, dieses Rezension ist von einem Gelegenheits-Biertrinker.

FÃ¼nf Sterne. Prost!"
"Dehumidifier, 25 Pint Dehumidifier for Basement, Bedroom, Bathroom, Closet, with 3 Working Modes, 75 OZ Water Tank, Overflow Protection, and Auto Shut Off, Silent Dehumidifiers with Drain Hose",ãƒ—ãƒ¬ã‚¼ãƒ³ãƒˆç”¨ã§è³¼å…¥,5.0,"ãŠé…’å¥½ããªä¸Šå¸ã¸ã®ãƒ—ãƒ¬ã‚¼ãƒ³ãƒˆã§è³¼å…¥
ãƒ¯ã‚¤ãƒ³ã«è©³ã—ããªã„ã®ã§æ˜Ÿã®æ•°ã¨å€¤æ®µã§æ±ºã‚ã¾ã—ãŸ

æ®µãƒœãƒ¼ãƒ«ã®ä¸­ã«ãƒ—ãƒãƒ—ãƒã«åŒ…ã¾ã‚ŒãŸãƒ¯ã‚¤ãƒ³ã ã£ãŸã®ã§
åˆ¥ã§ãƒ¯ã‚¤ãƒ³å…¥ã‚Œã‚‹è¢‹ã‚’è³¼å…¥ã—ã¦ãŠæ¸¡ã—ã—ã¾ã—ãŸ

å–œã‚“ã§ã‚‚ã‚‰ãˆãŸã®ã§è‰¯ã‹ã£ãŸã§ã™
ã‚ã‚ŠãŒã¨ã†ã”ã–ã„ã¾ã—ãŸï¼"
"Dehumidifier, 25 Pint Dehumidifier for Basement, Bedroom, Bathroom, Closet, with 3 Working Modes, 75 OZ Water Tank, Overflow Protection, and Auto Shut Off, Silent Dehumidifiers with Drain Hose",Wein,5.0,Einfach nur lecker!!
"Dehumidifier, 25 Pint Dehumidifier for Basement, Bedroom, Bathroom, Closet, with 3 Working Modes, 75 OZ Water Tank, Overflow Protection, and Auto Shut Off, Silent Dehumidifiers with Drain Hose",Lieblings Gummitier,5.0,"Ãœber Geschmack lÃ¤sst sich streiten. Ich find sie Mega lecker und freu mich immer wie ein Kleinkind wenn ich sie im Regal sehe.

Lieferung war Ã¼berschnell"
"Dehumidifier, 25 Pint Dehumidifier for Basement, Bedroom, Bathroom, Closet, with 3 Working Modes, 75 OZ Water Tank, Overflow Protection, and Auto Shut Off, Silent Dehumidifiers with Drain Hose",Klasse Schnaps,5.0,Bester Verein Ã¼berhaupt . Geiler Schnaps. Immer wieder gerne gekauft.
"Dehumidifier, 25 Pint Dehumidifier for Basement, Bedroom, Bathroom, Closet, with 3 Working Modes, 75 OZ Water Tank, Overflow Protection, and Auto Shut Off, Silent Dehumidifiers with Drain Hose",Delicious,5.0,Tastes great
